"Text","DateAndTime","Attachment"
"Exciting news! The fusion of Human-Computer Interaction (#HCI) and Artificial Intelligence (#AI) is set to revolutionize breast cancer diagnosis, offering improved accuracy and personalized treatment options. Get ready for a new era in healthcare! #MedicalImaging #PrecisionMedicine", "2023-07-01 10:00 AM", "https://doi.org/10.1145/3544548.3580682"
"Attention radiologists and clinicians! Discover how AI-powered medical imaging is enhancing diagnostic accuracy in breast cancer detection. Be at the forefront of this transformative technology. #Radiology #AI #BreastCancerDiagnosis #Healthcare", "2023-07-03 2:30 PM", "https://doi.org/10.1016/j.artmed.2022.102285"
"Unlocking the potential of AI in radiology is a game-changer. From early detection to treatment planning, AI technologies are reshaping the field. Join the revolution and stay ahead in the ever-evolving landscape of healthcare. #Radiologists #ArtificialIntelligence #HealthInformatics", "2023-07-07 9:15 AM", "https://github.com/MIMBCD-UI/sa-uta11-results"
"Personalized medicine is no longer a distant dream. With the integration of HCI and AI, clinicians can now provide tailored treatments for breast cancer patients, leading to improved outcomes and quality of life. #PersonalizedMedicine #HCI #BreastCancer #Physicians", "2023-07-09 5:45 PM", "https://doi.org/10.1016/j.ijhcs.2022.102922"
"Artificial Intelligence is revolutionizing medical imaging in the fight against breast cancer. By leveraging cutting-edge algorithms, radiologists can enhance their diagnostic accuracy and save lives. Stay tuned for the latest advancements! #AI #MedicalImaging #Radiologist", "2023-07-13 11:30 AM", "https://doi.org/10.1145/3132272.3134111"
"Ensuring a patient-centered approach is crucial in healthcare. The combination of HCI and AI empowers clinicians to provide personalized care, taking into account individual needs and preferences. Together, we can transform the breast cancer care journey. #HCI #UserCenteredDesign #Clinicians", "2023-07-17 3:00 PM", "https://youtu.be/-d-8-GzKg9E"
"The future of breast cancer diagnosis is here! AI-powered medical imaging tools enable earlier detection, precise tumor characterization, and improved treatment planning. Discover the possibilities and be part of the revolution. #BreastCancer #MedicalImaging #AI #Healthcare", "2023-07-21 8:45 AM", "http://dx.doi.org/10.26044/ecr2023/C-16014"
"Healthcare professionals, brace yourselves! HCI and AI are transforming the radiology landscape, streamlining workflows, and enabling faster, more accurate diagnoses. Stay ahead of the curve and embrace the power of technology. #HCI #Radiology #Doctors #Medicine", "2023-07-25 1:15 PM", "https://doi.org/10.1145/3399715.3399744"
"The marriage of HCI and AI is revolutionizing breast cancer care. Through user-centered design and advanced algorithms, we are creating intuitive tools that empower clinicians and enhance patient outcomes. Together, we can make a difference. #HCI #BreastCancer #Clinician #Healthcare", "2023-07-28 10:30 AM", "https://youtu.be/4z_lDXk-iPk"
"Exciting times ahead for breast cancer research! AI in medical imaging is fueling breakthroughs, paving the way for early detection, targeted treatments, and improved survival rates. Join us in the fight against breast cancer. #BreastCancer #AI #PrecisionMedicine #Healthcare", "2023-07-31 4:00 PM", "https://doi.org/10.1016/j.ijhcs.2021.102607"
"AI is revolutionizing #BreastCancer diagnosis. By reducing false positives and negatives, it's making #MedicalImaging more precise and efficient. #AI #Healthcare","2023 July 1, 9:30 AM","https://doi.org/10.1145/3399715.3399744"
"Embracing AI in #Radiology can save valuable time and increase diagnostic accuracy. It's the future of personalized care. #ArtificialIntelligence #PrecisionMedicine","2023 July 2, 3:45 PM","https://doi.org/10.1016/j.ijhcs.2022.102922"
"Radiologists, imagine reducing your time-to-diagnose by 3 minutes per patient. That's the power of AI. #Radiologists #AI #HealthInformatics","2023 July 3, 11:15 AM","https://doi.org/10.1016/j.artmed.2022.102285"
"AI not only aids in #BreastCancer diagnosis, but also helps in creating a more personalized treatment plan for patients. #Medicine #AI #PersonalizedMedicine","2023 July 4, 5:30 PM","https://doi.org/10.1145/3132272.3134111"
"Through #HCI, we are creating AI systems that clinicians can trust, leading to more accurate diagnoses and improved patient care. #HumanComputerInteraction #AI","2023 July 5, 10:00 AM","https://doi.org/10.1016/j.ijhcs.2021.102607"
"AI in radiology isn't the future - it's the now. Clinicians are seeing the benefits of AI and embracing it in their practices. #Radiologist #AI #Healthcare","2023 July 6, 1:00 PM","https://www.linkedin.com/posts/fmcalisto_breastscreening-ai-evaluating-medical-intelligent-activity-7072565442560573440-CA06"
"AI in Healthcare: A game changer for breast cancer diagnosis. Let's create a future where every patient has the best chance. #Breast #Cancer #AI #Healthcare","2023 July 7, 9:15 AM","https://medium.com/oppr/medical-imaging-downloader-for-cornerstonejs-and-orthanc-d08c3a508d9b"
"Every minute counts in cancer diagnosis. AI assistance in radiology is saving time and lives. #Doctors #BreastCancerDiagnosis #AI","2023 July 8, 4:45 PM","https://youtu.be/4z_lDXk-iPk"
"AI in healthcare is more than a tool - it's a partner for clinicians, helping to improve diagnostic accuracy. #Clinician #ArtificialIntelligence #Healthcare","2023 July 9, 2:15 PM","https://doi.org/10.1016/j.artmed.2022.102285"